title,release_date,album,lyrics
El Rápido,,,"3 ContributorsEl Rápido Lyrics[Letra de ""El Rápido""]

[Adelanto]

[Verso 1]
Rápido pasa una camioneta
Rápido es clave de quien la maneja
Rápido truenan algunos radios
Rápido el rifle, ya ha tumbado a varios
Órdenes del señor Archivaldo
Las cumple al cien y no andan preguntando
Sus caravanas van patrullando
Disciplinados andan trabajando
Y una Super güera
Cachas de pantera
Con cuerno de disco y nueve en la piernera
Carácter calmado
Es malo enojado
Y el que lo torea amanece encobijado

[Interludio]

[Verso 2]
Pendiente está del joven Alfredo
Y al millón siguе con su compa Trébol
El Panu solo no lo ha dejado
Menos su compa, que еs Rafa Alvarado
Él no tolera a los mentirosos
Menos a aquel que anda de ventajoso
Con sus amigos es generoso
Orden trae de un señor poderoso
Muchos por ahí
Le dicen Nini
Trae a su plebada y anda bien armada
Es serio y decente
Da piso al corriente
Se activa su gente y él va para enfrenteYou might also likeEmbed"
ROSA PASTEL,2023-04-20,,"12 ContributorsROSA PASTEL Lyrics[Letra de ""Rosa Pastel"" ft. Jasiel Nuñez]

[Coro: Jasiel Nuñez & Peso Pluma]
De poca edad, pero bien listo porque la verdad
Siempre persisto pa' grande llegar
En mi cabeza siempre mi papá
Saludos pa'l boss que está junto a Dios
En mi cabeza lo que me enseñó
Sigo bien trucha haciendo negocios
Allá por Ámsterdam la muevo yo
Y metemos gol, ya saben que show

[Verso 1: Jasiel Nuñez & Peso Pluma]
Ahí va una clave para el que sabe
De subida nos llevamos postre
Un flanecito, ¿sí o no, mi parce?
Ande pruébese, ¿qué le parece?
Si se corona, pues ya me enfiesté
Como se dice: ""Mijo, hágale pues""
Ahí va una onza de rosa pastel
Pa' que se parche y dime qué es lo que es
Las avionetas llevan el mandado
Como si fuéramos supermercado
El viejo lobo, mi padrino Hog
Ahí va el saludón para el señorón, hasta el pueblo
You might also like[Interludio: Jasiel Nuñez & Peso Pluma]
Y ya sabe que show carnal, pura Doble P
¡Cha-chau!
Así nomás, compa Jassiel Núñez
Puro rosa pastel

[Verso 2: Peso Pluma & Jasiel Nuñez]
Y allá en la selva del Amazonas
A un titán conocí, yo mucho la aprendí
Y a esa persona muy importante
Quedó a lado de mi papá, ya que está aquí
La mente piensa, no tiene ciencia
Hacer las cosas bien, negocios anda al cien
Y con paciencia, con mucha fuerza
Pues ya las detoné, pues ya las coroné

[Coro: Peso Pluma & Jasiel Nuñez]
De poca edad, pero bien listo porque la verdad
Siempre persisto pa' grande llegar
En mi cabeza siempre mi papá
Saludos pa'l boss que está junto a Dios
En mi cabeza lo que él me enseñó
Sigo bien trucha haciendo negocios
Allá por Ámsterdam la muevo yo
Y metemos gol, ya saben que show
[Outro: Peso Pluma]
Ya saben que show (Ya saben que show)Embed"
RUBICON,2023-06-23,,"6 ContributorsRUBICON Lyrics[Letra de ""RUBICON""]

[Verso 1]
Dicen que soy mamón, también que soy culero
No les pongo atención y muy poco les creo
No sufro de conciencia, yo cuido mi cuero
Se me activa el instinto con un buen veneno
Pendiente al celular y también de los medio'
Pa' que no haya problemas por estos terrenos
Ando bien protegido desde allá del cielo
Te adelantaste hermano, luego nos veremos
Nomás me quedan los que aquí traigo colgando
Son pocas amistades a mi lado
Me cuidan los collares que traigo en el pecho
Alejan las envidias y a los traicioneros

[Coro]
Y aquí sigo por el camino
Casi siempre me ven tranquilo
Cumpliendo mi objetivo, pienso positivo
Siempre con un gallo me verán activo
Para trabajar me pinto
Los billetes no caen solitos
Moviendo esos paquetes llenos de cuadritos
Verdes dolaritos, puros benjamines me hacen generar
You might also like[Interludio Instrumental]

[Verso 2]
Ahí me vieron pasar en un Rubicon
Zumban los Cryptos y bajo control
Nos mantenemos a la orden del señor
Con un gallo me relajo yo
Allá en las dunas, siempre tranquilón
Compa, ando torcido, ya me pegó el blunt
En la orilla del mar me verán
Con hierbita pa' desestresar
Siempre a la orden y aquí voy a estar
Y para qué voy a hablar de más
Por ""El Chapillo"" me han de apodar
La bandera es internacional
Efectivo para trabajar
En el equipo piñas y también SCAR
Y pa' los que quieran afectar
Creo en mis santos y en el eleguá
Y hablando de antes, no voy a volver atrás
Hacer billetes es la prioridad

[Coro]
Y aquí sigo por el camino
Casi siempre me ven tranquilo
Cumpliendo mi objetivo, pienso positivo
Siempre con un gallo me verán activo
Para trabajar me pinto
Los billetes no caen solitos
Moviendo esos paquetes llenos de cuadritos
Verdes dolaritos, puros benjamines me hacen generar
[Outro Instrumental]Embed"
NUEVA VIDA,2023-06-23,,"7 ContributorsNUEVA VIDA Lyrics[Letra de ""NUEVA VIDA""]

[Intro]
¡Chau!

[Verso 1]
La noche ha llegado, ya estoy preparado
Un buen White Recluse a mí me ven forjando
Siempre bien tranquilo, nunca ando de ondeado
Me gusta ser gente, yo nunca me rajo
Veintitrés y ya ando de arriba pa' abajo
Voy por buen camino, siempre lo he notado
Buenos amigos los que a mí me han rodeado
Siempre al cien con los que me echaron la mano
Rodeado de lujos y no materiales
Siempre buena vida me dieron mis padres
El viejo en el cielo siempre ha de guiarme
Para que en la vida salgan bien los planes

[Interludio]
Ahí le va, jefazo
Hasta el cielo, viejo
Pura Doble P, viejo, a la verga
¡Chau!

[Verso 2]
Hoy todo ha cambiado, no voy a negarlo
Pensamientos nuevos son los que ya cargo
Una nueva vida la que me estoy dando
Poco a poco envidias se van presentando
El tiempo es muy sabio y responde preguntas
Y a mí no me asusta cargar con la duda
Siempre bien pendiente mi compita Rulas
Soy de perfil bajo, así nadie me busca
You might also like[Outro]
Nadie me buscaEmbed"
ZAPATA,2023-06-23,,"8 ContributorsZAPATA Lyrics[Letra de ""Zapata""]

[Verso 1]
Armas de colección, joyas y resalta un superón que es edición limitada
Haciendo la labor, comencé allá en la frontera luego agarré viada
Fajada la de Emiliano Zapata

[Coro]
Todo ha cambiado
Me muevo en la lumbre y todavía no me he quemado, mi rostro poco los que lo han mirado
No ando jugando
Préndase uno de la verde pa' desestresarnos, aclaro, somos hombres, no payasos

[Interludio]
Y así suena la doble P, compa Tito
¡Chau!
Compa, Parka

[Verso 2]
Ah, cómo la perreé
Ahora pura ropa fina como niño bien, en la Urus voy bien marihuano
Oficinas en LA
Las bolsas eran de a veinte y ahora los de a cien a como llegan me los gasto

[Coro]
Todo ha cambiado
No fui bueno pa' la escuela, pero en aparatos, en eso sí que hasta salí graduado
Ya coronamos
Préndase otro de la verde pa' desestresarnos, que el NZ sigue laborandoYou might also likeEmbed"
BackPack Boyz*,,,"2 ContributorsBackPack Boyz* Lyrics[Letra de ""BackPack Boyz""]

[Verso 1]
En la valla fue donde se dio aquel sueño
Del compa Juan portar dinero
Saqué la mochila y tomé varios riesgos
Y ahora me cuelga aquí el hielo
Nos fuimos pa' arriba, yo no busco fama
BackPack Boyz la marihuana
A veces en la playita se destrampa
Le gusta las de champaña
Viene el Javier, nos tranquiliza abriendo cancha
Vamos al antro con los panas

[Coro]
Cierro tratos con gelato
He de cuidar siempre yo mi identidad
Balas traigo y por un lado hay quesada
Hierba hemos de cultivar

[Interludio]
Ahí le va, compa P
Puro BackPack Boyz, viejo
Pa' la bahía

[Verso 2]
Nuestras flores la convertimos en magia
Y los verdеs bien se gastan
En la valla fue dondе encontré mi casa
Descendencia mexicana
De pies a cabeza en mi cuerpo las marcas
Y una rubia me acompaña
Pocos son los que conocen de mi cara
Compa P pa' la plebada
En Las Vegas de vestuario Balenciaga
O en los antros la artisteada
You might also like[Coro]
Cierro tratos con gelato
He de cuidar siempre yo mi identidad
Balas traigo y por un lado hay quesada
Hierba hemos de cultivarEmbed"
BYE,2023-05-26,,"15 ContributorsTranslationsEnglishBYE Lyrics[Letra de ""Bye""]

[Verso]
¿Qué será?
Tal vez la noche como de costumbre amanecerá
Sigo pensando en tus gestos cuando se me cruza otra
Pero es lo que hay, ¿Y qué más da?
Quiero olvidar, se va a lograr

[Pre-Coro]
El dolor poco a poco se fue borrando
Tú y yo, nuestra historia se ha terminado
Yo sé, fue por bien de los dos
Tal vez el amor se acabó
No sé qué fue lo que pasó
Pero al chile, sí me dolió

[Coro]
Bye
Mejor sigue tu camino
Mientras fumo y tomo vino
Que estar contigo ya no me convino
Bye
Y ya me da igual, que la neta
Me distraigo con princesas
Y a mí tus besos ya no me interesan
You might also like[Post-Coro]
¡Bye!

[Interludio]
Pura Doble P
Ahí te va, chiquita

[Pre-Coro]
El dolor poco a poco se fue borrando
Tú y yo, nuestras almas se abandonaron
Yo sé, fue por bien de los dos
Tal vez el amor se acabó
Tal vez seguimos en calor
Tal vez a mí no me ayudó

[Coro]
Bye
Mejor sigue tu camino
Mientras fumo y tomo vino
Que estar contigo ya no me convino
Bye
Y ya me da igual, que la neta
Me distraigo con princesas
Y a mí tus besos ya no me interesan

[Post-Coro]
¡Bye!Embed"
Tamaulipas*,,,"1 ContributorTamaulipas* Lyrics[Letra de ""Tamaulipas""]

[Verso 1]
Por Tamaulipas nos ven pasar
Todos de punta bien equipados por si hay que pelear
Para mi gente hay prioridad
Si yo los cuido, pues ellos también me van a cuidar
Hay nuevas plazas que respetar
Por la frontera caravanas largas ven pasar
La adrenalina conmigo va
Y pa' las guerras todavía no he encontrado el rival

[Coro]
Son deportivos mis juguetitos
Los Lamborghinis jalan bien bonito
Con una barbie siempre a mi lado
Soy de palabra y que les quede claro
El cielo de azul ya está pintado
Un 19, aquí reportando

[Interludio]
Ahí le va, mi viejo
Hasta Tamaulipas, a la verga
¡Cha-Cha-Chau!

[Verso 2]
De Ferragamo pa' la ocasión
Bentley Bentayga se ve placoso y yo al volante fresón
Rifles de banda y el cincuentón
Hay estrategias militares sembrando el terror
Lanzagranadas y un escorpión
Traemos plasmado, toca uno y aquí brincan dos
Todos al mando de este señor
Y ahí van por un ladito los que cuidan el sector
You might also like[Coro]
Son deportivos mis juguetitos
Los Lamborghinis jalan bien bonito
Con una barbie siempre a mi lado
Soy de palabra y que les quede claro
El cielo de azul ya está pintado
Un 19, aquí reportandoEmbed"
Ando En Mi Mundo,,,"1 ContributorAndo En Mi Mundo Lyrics[Letra de ""Ando En Mi Mundo""]

Letra extraída de Presentación en vivo

[Verso 1]
A veces siento que ya no tengo fuerzas para continuar
Que la depresión me hunde y que me atrapa la soledad
Y hay una chinita que llegó a mi vida y me hizo cambiar
Mi compadre de ojos claros y uno de baja estatura

[Coro]
Y ando en mi mundo, a veces bien, otros días casi moribundo
Yo sé muy bien lo que es estar en lo profundo
Pero ni con arenas movedizas me hundo
Me da igual, la neta, andar a piе o del año la camioneta
Yo ya perdí, yo ya gané más dе la cuenta
Al JK para tumbarlos se la piensan

[Interludio]

[Verso 2]
Mi compadre de ojos claros y uno de baja estatura
Son los que firme han estado y que del barco no se bajan

[Coro]
Y ando en mi mundo, a veces bien, otros días casi moribundo
Yo sé muy bien lo que es estar en lo profundo
Pero ni con arenas movedizas me hundo
Me da igual, la neta, andar a pie o del año la camioneta
Yo ya perdí, yo ya gané más de la cuenta
Al JK para tumbarlo se la piensanYou might also likeEmbed"
Por Las Noches,2021-06-11,,"4 ContributorsPor Las Noches Lyrics[Letra de ""Por Las Noches""]

Cuando por las noches recordaba todo
El olor de aquel perfume sobre todo
Las sábanas blancas donde te escondías dentro

Eres intocable como joya de oro
Esas piernas largas comerme yo solo
Y tus ojos grandes, me perdí en un laberinto

Y pensar
Que tú ya no vas a estar
Pasará
Solito me dejará
Intentar
Solo un beso y tú te vas
De mi vida, ah, ah
Como tú no hay nadie más
No hay nadie más

Ah
¿Y qué?

Si te sientes sola no me llames porfa
Me pongo sensible, me imagino tu sombra
Clase Azul es el tequila e interior la ropa
You might also likeRico Prat champaña, el polvo es color rosa
Me contactó un ángel, eres tú mi hermosa
La que me alegra los días y sigo tomando

Y pensar
Que tú ya no vas a estar
Pasará
Solito me dejarás
Intentar
Solo un beso y tú te vas
De mi vida, ah, ah
Como tú no hay nadie más
No hay nadie másEmbed"
La Melena,2021-03-19,,"2 ContributorsLa Melena Lyrics[Letra de ""La Melena""]

Desde niño en la movida
Era desmadroso se metía en problemas le encanta la adrenalina
Y es que ahorita ya no es la misma hay que hacer billetes nunca soltaremos la mano por la rendija

A los primos extrañamos pronto saldrán del encierro nos pegaron recio pero a Serafín soltaron
Pasos doy tranquilón yo voy
Y cuando voy para Las Vegas una feria

Se prendió un tabacón fresco
La melena la dejamos por el león en cautiverio
Puesta la camisa de Vz no rajamos
Y en culichi quemó un gallo trokiando navego no soy de califas pero si rolamos en San Diego

Y una gorra de los toros
De Chicago en la ciudad de los vientos a los clientes bien surtidos llegamos
Me gusta reventón
Un blunt bien bañadito con aquella miel de abejaYou might also likeEmbed"
Me Convertí,2022-04-20,,"2 ContributorsMe Convertí Lyrics[Letra de ""Me Convertí""]

[Verso 1]
Por la sombra te vi venir
Como un ángel llegó por mí
Desde el cielo

[Pre-Coro]
Ángel bello
Y tu boquita roja, y mil caricias darte y sin desliz
Son tus besos los que anhelo
De veras que te extraño aquí
Pero ahora estoy mejor sin ti
Parrandero, mujeriego

[Coro]
Me convertí
Por estar pa' ti
Te sorprendí (Te sorprendí)
Como tú a mí
Yo ya no fui
Y que antes, sé
Te gustaba a ti
No fue por mí

[Interludio]
Y sé que podrás borrarme de tu vida
Pero jamás podrás borrar los momentos, chiquita
Pura Doble P
You might also like[Verso 2]
Son dos opciones que te di
Feria y amor pa' ser feliz
Me entretengo

[Pre-Coro]
Ángel bello
Y tu boquita roja, y mil caricias darte y sin desliz
Son tus besos los que anhelo

[Coro]
Me convertí
Por estar pa' ti
Te sorprendí (Te sorprendí)
Como tú a mí
Yo ya no fui
Y que antes, sé
Te gustaba a ti
No fue por mí1Embed"
Todo Es Playa,2021-07-30,,"3 ContributorsTodo Es Playa Lyrics[Letra de ""Todo Es Playa""]

Primo, tóquese el corrido de la otra vez
Me puse bien loco y ya no me acordé
Con plebitas bebiendo Martel

Swishers, artic ice, strawberries o quizás un grey
De Tijuana pa' San Diego me miran cruzar
Como si tuviera la green card

Despéjenme la pista para volar
Unos prerrolados pa' la clikona ya no forjar
Muchos me señalan que estoy bien loquito
Pero no conocen nada, solo me miran bien grifo
Todo es playa, los problemas
Se nos pasan con la raza
Armar uno y darle humo
No hay como nosotros, compita, te lo aseguro

[Requinto]

""Ruso"", así me dicеn los plebes por aquí
Y aunque yo no soy dе Rusia barreras rompí
En todas naciones llevo el drip

Rayas, significan lo mucho me que costó
A mí dios tatuado me cuida por dónde voy
Siempre me cuida pa' dónde voy
You might also likeDespéjenme la pista para volar
Unos prerrolados pa' la clikona ya no forjar
Muchos me señalan que estoy bien loquito
Pero no conocen nada, solo me miran bien grifo
Todo es playa, los problemas
Se nos pasan con la raza
Armar uno y darle humo
No hay como nosotros, compita, te lo aseguroEmbed"
Spiral,2021-11-25,,"3 ContributorsSpiral Lyrics[Letra de ""Spiral""]

[Verso 1]
Al viejon voy cuidando
Humo echando, olvidando los problemas del pasado
Pasado pisado
Se cosecha planta verde y California es el Estado
Muy bien cronometrado
Tengo las luces moradas, todo el pedo organizado
Yo sé que no es nada malo
Medicina pa'l enfermo que nunca va ser curado

[Verso 2]
Para mantener presidentes muertos aquí en la bolsa
Yo estuve perreándole ya mucho rato y les diré una cosa
Vender para crecer, ser fiel para vencer
Spiral, saben bien el apodo aventé

[Interludio]
Habla compa Spiral
Hasta San Bernardino
Pura doble P, viejo

[Verso 3]
9-0-9 en alto
San Bernardino también Rialto
Mis muchachos tan bien bravos
Muscovy también lo cuidamos
Califas en Alto la BTY ya creció
Una 9 al cinto para cualquier situación
Las L se venden como si fueran hot dogs
You might also like[Verso 4]
Para mantener presidentes muertos aquí en la bolsa
Yo estuve perreándole ya mucho rato y les diré una cosa
Vender para crecer, ser fiel para vencerEmbed"
Mil Historias,2021-03-19,,"2 ContributorsMil Historias Lyrics[Letra de ""Mil Historias""]

[Coro: Hector  Rubio Peso Pluma, Ambos]
Quiero saber por quien respiras
También si tienes a alguien que te maltrate en la cama
Cuéntame si quieres conocerme
Solo manda un DM
Y yo voy a traer las estrellas a tus pies
Solo deja el tiempo que corra
Que forme mil historias entre tú y yo
Woh, woh, oh, oh
Vidrios empañados, Mercedes
Baby, es donde te gusta el amor
Woh, woh, oh, oh
Y Solo deja el tiempo que corra
Que forme mil historias еntre tú y yo
Woh, woh, oh, oh
Vidrios empañados Mercеdes
Baby, donde te gusta el amor
Woh, woh, oh, oh

[Interludio: Peso Pluma]
Ja! ¿y qué?
Compa Hector

[Coro: Peso Pluma, Hector Rubio, Ambos]
Quiero saber por quien respiras
También si tienes a alguien que te maltrate en la cama
Cuéntame si quieres conocerme
Solo manda un DM
Y te voy a traer las estrellas a tus pies
Y solo deja el tiempo que corra
Que forme mil historias entre tu y yo
Woh, woh, oh, oh
Vidrios empañados mercedes
Baby, es donde te gusta el amor
Woh, woh, oh, oh
You might also like[Outro instrumental]Embed"
Lo Que Me Das,2021-02-14,,"1 ContributorLo Que Me Das Lyrics[Letra de ""Lo Que Me Das""]

[Intro]
Ahí te va, chiquita
Puro Peso Pluma

[Verso 1]
Y aquí andamos, caminando
Juntos por el parque, agarrados de la mano
Hoy tus ojos me miraron
Pide el mundo entero, yo hasta la luna te traigo
Tu belleza me cautiva
Eres un hechizo, todo de ti me hipnotiza

[Coro]
Lo que me das, amor y lealtad
Soy triste cuando te vas
Seré tu galán y no nadie más
Ven conmigo y ya verás
Eres una reina, una linda princesa
Me gusta tu aroma, tu cabello y tus piernas

[Interludio]
¿Qué onda, compa Lalo?
Pa' los enamorados, viejones
¡Ja!, ¿y qué, compa Toño?
You might also like[Verso 2]
Bien tatuado, enamorado
Tú sabes perfecto que еn el pecho yo te cargo
Mujеr fina que ilumina
Me limpiaste mi camino y hoy no tengo prisa

[Coro]
Lo que me das, amor y lealtad
Soy triste cuando te vas
Seré tu galán y no nadie más
Ven conmigo y ya verás
Eres una reina, una linda princesa
Me gusta tu aroma, tu cabello y tus piernasEmbed"
El Güero,2022-04-20,,"2 ContributorsEl Güero Lyrics[Letra de ""El Güero""]

[Verso 1]
He aprendido de la vida
Hoy me miran bien arriba y ya bien pilas
Un dulcecito y pa' arriba
Lo relaja y se persigna, al cielo mira
A su Dios le da las gracias
Un abrir, llovieron balas y así pasa
Dos días antes mi cumpleaños
Trece balas me pegaron y aquí andamos
Pa' que sepan bien chavalos
Que aquí se topan con piedra y aquí vamos
El atentado me hizo el mandado
Ya no se puede confiar en nadie por eso la 40 siempre va a mi lado
Y si se preguntan por el muchacho sepan que aquí traigo pa' atorarlos porque también hay contrarios

[Interludio]
Pura doble P
Ahí le va, compa Güero

[Verso 2]
Unos me dicen el güero
FR de iniciales yo las llevo
Un traguito de los buenos
Caza dragones tomamos, hoy brindemos
Tranquilón y reservado
Por ahí dicen ""Calladito hay doble plato""
Pa' marcar muy bien el tiempo
En la mano izquierda un reloj de los buenos
Y se que estoy morro pero las puedo
Pa' conseguir billetitos verdes siempre la andamos moviendo
Y el atentado me hizo el mandado
Ya no se puede confiar en nadie por eso la 40 siempre va a mi ladoYou might also likeEmbed"
La Pluma de Wax,2020-04-20,,"4 ContributorsLa Pluma de Wax Lyrics[Letra de ""La Pluma de Wax""]

[Coro]
Y ando por aquí, y ando por allá
Fumando motita, siempre bien relax
Si no es bucchanitas o Tecate light
Para mi cerebro una pluma de wax

[Verso 1]
(Ahí le va compa Pedro)
La playa de Rosarito
Si no hay en Mazatlán
Me gusta ir a dar la vuelta
Y llevar billetes pa' gastar
Saboreando un buen marisco la banda se oye tronar
Y yo no soy un William Levy
Soy gordito y bien barbón
Me gusta andar con mujeres cuando ando en el pachangón
Esa linda morenita se robó mi corazón
(Fierro compa Osvaldo)

[Interludio]
Así nomás ¿ah y qué?
Ahí le va un saludo a mi compa TJ Chávez
Puro wax
You might also like[Verso 2]
En el Hong Kong de Tijuana
Me gusta ir a ver las damas
Después cruzo la frontera
Y en el norte está mi casa
Esta noche peso pluma
Nos va a alegrar la parranda
No soy rico
No soy pobre
Yo trabajo día a día
Si me miran que me enfiesto
Es por qué en mi casa hay tortillas
Soy gordito y bien barbón
Ahí nos miramos plebitas

[Coro]
Y ando por aquí, y ando por allá
Fumando motita, siempre bien relax
Si no es bucchanitas o Tecate light
Para mi cerebro una pluma de waxEmbed"
30 Tiros,2022-06-03,,"2 Contributors30 Tiros Lyrics[Letra de ""30 Tiros""]

30 tiros en la Mágnum
Marca aquel que la portamos
Ya, ya se van a jalar
Comencé lavando carros
Cuando el señor me echo la mano
Y empecé a billetes a generar

Festivales en Europa con mi güero a un lado
Y mis carnales
De Supreme vamos todos bien trajeados
Yeezy's en los pies, dripping everywhere
Para entender

[Interludio]
Hay le va compa Ferri
Puro peso pluma
JA!, ¿y qué?

Reservado y aventado
Nunca le tiembla la mano
Y al jugar, el ganar bien se le da
Animales exportados
Y por Ibiza anda enfiestado
Dom Perignon verde, pa' variar
You might also likeFestivales en Europa con mi güero a un lado
Y mis carnales
De Supreme vamos todos bien trajeados
Yeezy's en los pies, dripping everywhere
Para entenderEmbed"
El Chuletas,2021-03-19,,"2 ContributorsEl Chuletas Lyrics[Letra de ""El Chuletas"" ft. El Choforo]

[Verso 1: El Choforo & Peso Pluma]
Aquellos tiempos en el humo cuando empezaba con las mulatas
Los aviones muy bien llegaban, ahí sabíamos que coronaban
Mucha gente depende de lo que hago
Sepan que soy abogado pero eso quedo en el pasado
Hoy lo que rifa es jale blanco
En Perú yo tengo muy buenos socios y se mira el movimiento
También asiáticos atendemos, mi mercado es mi mundo entero

[Coro: Peso Pluma & El Choforo]
Pa' que se acuerdеn que la vida va cambiando cada vez más fuertе
Los que pa' bajo me miraban hoy saludan y a mi me llaman
Y los que hablaron de mi
Hoy me la maman, de que se trata
Al chuletas nada le espanta

[Interludio: El Choforo & Peso Pluma]
Y ahí le va hasta el cielo, viejón
Quedamos pendientes
Puro Peso Pluma, carnal
Ah y que vinillo
Así nomás, compa Chofo
Puro Peso Pluma, compa
You might also like[Verso 2: Peso Pluma & El Choforo]
Pal' pleito el broncas será recordado y no me olvido del borrego
Los primos firmes desde el cielo
Vean el refuegón que estoy haciendo
Tatuajes llevo por todo mi cuerpo, son hazañas que me aviento
Se ve bien bélico en el viejo
Dos AMG van escoltando
Yo ya porte charola de gobierno fusil largo y arma corta
Pues me quedé agusto con eso
El chuletas se fue bien recio

[Coro: El Choforo & Peso Pluma]
Pa' que se acuerden que la vida va cambiando cada vez más fuerte
Los que pa' bajo me miraban
Hoy saludan y a mi me llaman y los que hablaron de mi
Hoy me la maman, de que se trata
Al chuletas nada le espantaEmbed"
Relajado voy,2020-04-20,,"4 ContributorsRelajado voy Lyrics[Letra de ""Relajado Voy""]

[Verso 1]
Dos por tres
Activos pues
¿Qué va a querer?
Hay de todo carnal
Pues ya miré, hay pa' escoger
Wax pal' estrés
Plantas pa' saborear
Y si es de sabor
Un cavi con eso es bueno el olor
Fresquito el sabor le dá

[Coro]
King Tut, Moon Rock también quemó
Vamo' rolando un buen leño
Peso Pluma ya se jaló
Relajado voy

[Interludio]
Ahí nomás, viejones
Pa' la raza que le gusta andar relajada
(Hey, un saludo para todos los marihuanos, a la verga)

[Verso 2]
En Culiacán pa' festejar
La huba iban como el ratito pasar
Tan mal estás
Ellos dirán
Pues no importa
Tengo un blunt pa' comenzar
Compa chino hay que pistear
Pues la vеrdad traigo sed peligrosa
You might also like[Coro]
King Tut, Moon Rock también quemó
Vamos rolando un buеn leño
Peso Pluma ya se jaló
Relajado voyEmbed"
Los Pixeliados,2020-04-20,,"2 ContributorsLos Pixeliados Lyrics[Letra de ""Los Pixeliados"" ft. Lalo Reyes]

[Intro: Peso Pluma]
Y este es el estilo, papi

[Verso 1: Lalo Reyes & Peso Pluma]
Mi Santa Muerte me protege
Y aquí ando al mil siempre forjando con mi gente
Un gallo de veneno para aquí prenderme
Pa' tirar humo pa' despejarme la mente
Con mis amigos 'toy rolando
Me prendo un blunt y luego me pego un bongazo
Llegan los compas con un Sweiser en la mano
De buba se miran que vienen bien cargados
Y a veces dе negro, también pixeleado
Y siеmpre los ando guachando
Y a veces armados y bien equipados
Las cortas y radio a la mano
Y siempre lo cargan terciado con lanzagranadas
Y con tostonazo
Me gustan las joyas que pesan de a kilo
Con los diamantones y el oro molido
Y si me ven patrullando en el retén
Bien cambiadito siempre yo ando
Con suela roja, paso firme adelantado
Un Rolexón me brilla bien aquí en la mano
Negocios siempre yo andaré por ahí cerrando
You might also like[Interludio]
Y esto es el Peso Pluma, compadre
Ah y que?
Puro pixel

[Verso 2: Lalo Reyes & Peso Pluma]
Todo el equipo siempre cargo
Con rodilleras y coderas en los brazos
Con botas tácticas Timberland y Under Armor
Juguetes favoritos son los M4
Y a veces de gorra y a veces de casco
Y otras bien encapuchado
La mira dorada para el tiro al blanco
En verguiza por brecha y barrancos
Bajando los cerros se mira pura camioneta
Son 4x4
Y pura blindada y bien artillada
Para aguantar bien los vergazos
Sigo chambeando desde el rancho
Mis hijos son lo que me tiene aquí avanzando
Y si hay peligro al frente yo le brinco al tanto
Y al cofre brinco para tirar los vergazosEmbed"
Sembrando,2022-04-20,,"1 ContributorSembrando Lyrics[Letra de ""Sembrando""]

[Verso 1]
Me la paso sembrando allá en el rancho
Con los compas forjándose un buen gallo
Para rolarlo
Se jala el compa Jessy se pega un bongazo
Siempre en la voz de locos, si no lo rajamos
Pa' los vergazos
Pero les diré
Que aquí en la bola solo y con mis amigos
Siempre la paso muy bien
24/7, sea de día o de noche, la paso con Mary Jane
Y en la bola se distingue puro producto de ley
Arriba me la pasó al cien

[Interludio]
Ay, qué, compa Lalo
Me la paso sembrando, vio
Pura religión
Puro Cartel de los Ángeles
Ahí lе va, viejón

[Verso 2]
Bien dijeron quе no iba a armarla
Pero aquí es diferente, les contará
¿Pa' qué quemarla?
La duda dejaré
Para los amigos y todos mis enemigos
Un consejo les diré
Nunca se metan en un terreno ajeno
Porque también hay con queso
Y en la pechera bien puesta rifa CJNG
Arriba andan todos al cienYou might also likeEmbed"
El Capi,2022-04-20,,"2 ContributorsEl Capi Lyrics[Letra de ""El Capi""]

[Verso 1]
Bien bajo perfil, sigue en lo suyo para poder avanzar
Las combinaciones de color le lucen bien al resaltar
Y volando junto con mis camaradas la paso muy bien
Celebridades y politiquiada, con ellos al cien
Y en mi jet la paso muy bien
Si es que lo ve, de alta gama es
Pa' comer a gusto, en un estado mexicano he de pasear
Adonde llegamos, el vestuario y el calzado ha de brillar
En los eventos más cotizados, primera fila es
Con un porte distinguido, por algo es como es
Y en las nubes me siento bien
Y en su Jet la paso muy bien

[Interludio]
Un saludo pa' mi compa el Capi
Pura Doble P, compa Marco

[Verso 2]
En la Tesla a gusto platicando, pues se maneja muy bien
Como mariposa abre las puertas, placosón se deja ver
Si das paso pa delante, él ya dio tres
Con Maradona y con J Balvin me enfiesté
Elegante, luce bien fresh
Y en su jet la pasa muy bienYou might also likeEmbed"
Jerarquia de Nivel,2020-04-20,,"3 ContributorsJerarquia de Nivel Lyrics[Letra de ""Jerarquía de Nivel""]

[Verso 1]
Tres, tres es el sello lada nacional
Del que les platico por donde le gusta andar
En trocas bonitas suele ruletear
Fina es la playera y porta unos Air Force off white
Cuatro son las letras pa' no hablar de más
Nuevos los talentos son buenos pa' trabajar
Pa' aprender
Consejos del viejo aquel
Hasta ahorita lo ha hecho bien
Jerarquía de nivel

[Interludio]
Oí nomás
Peso Plumiza
Ah y qué?, compa Nicho

[Verso 2]
Sargento anda en uno para la ocasión
Se escucha tranquilo, todo está bajo control
No andamos de ricos, pero еs moda de hoy
Las botellas sobran en еl six ahí tranquilón
Motos y los RZR para dar el rol
Si en cerros se mueven es que un cholo anda en acción
Así es él
Le gusta ser gente bien
Si quieren saber quién es
Enclavija la menteYou might also likeEmbed"
Les Cuesta,2021-03-19,,"2 ContributorsLes Cuesta Lyrics[Letra de ""Les Cuesta""]

[Verso 1: Los Del FL & Peso Pluma]
Y les cuesta el admitir que nosotros ya estamos aquí
Fue largo el camino pero gracias Dios hoy ya sobresalí
OGi cruz de lota fumamos todos y me siento feliz
Para ser muy grande en fin aceleró el motor traigo a mil
Y en las baikas tumbadonas, ahí les hablo de mi porvenir
En Nueva York saben bien, my homies allá en LA el east

[Coro: Los Del FL & Peso Pluma]
Puro pinche peso pluma, los de florida retumban
Con la skunk me pongo chido
Y al aire aviento un buen grito
Rolamos pura cajeta, jungle boys es la que apеsta
Verde es vida por la mía sonriеnte y feliz

[Interludio: Los Del FL & Peso Pluma]
Skirt
Ja! ¿y qué?
Hasta Florida, viejones
Puro pinche Peso Pluma

[Verso 2: Peso Pluma & Los Del FL]
Le chingamos duro y se que los triunfos hoy vienen por doquier
Huevos le pusimos firme le seguimos cuz is our shit
De la perla hasta Florida inhalamos pura Lemon tree
Un saludo para aquellos que dijeron no la iba hacer
You might also like[Coro: Peso Pluma & Los Del FL]
Puro pinche peso pluma, los de florida retumban
Con la skunk me pongo chido
Y al aire aviento un buen grito
Rolamos pura cajeta, jungle boys es la que apesta
Verde es vida y por la mía sonriente y felizEmbed"
Y Qué?,2021-03-19,,"2 ContributorsY Qué? Lyrics[Letra de ""Y Qué?""]

[Verso 1]
Tengo ganas de hacer algo diferente
Como una carta que te responde
Ponte bien trucha si abres el sobre
No estoy diciendo que ya están viejos
Pero del mitote siguen viviendo
Ya no les gusta pero les asusta
La marihuana y el peso pluma
Sigo escribiendo, backwoods prendiendo
Reproducciones sigo consumiendo

[Interludio]
Ja! ¿y qué?
Puro Peso Pluma, viejillo

[Verso 2]
Somos los nuevos originales
Si no te gusta pues la puerta abre
Just so you know y para que sepas Gg#4 en mi cuarto apesta
Las chismosas corren bien el chisme
Do you know snitches get stitches
Hablan y hablan a las espaldas
Pero por enfrente siempre la maman
Y es que es así escribo y les contare un poquito de mi estilo pero este cuento
Ellos nunca van a entender
¿Te quedó? Pues póntelo
Estoy hablando y del saco tengo de todas las tallas
También tengo de todo color
Uo, wo, wo, wo, wo
You might also like[Outro]
Jálele a esa madre, compa Kong
Un saludo, compa Chimpa
Ja! ¿y qué?Embed"
Entre Humo y Huesos,2021-03-19,,"2 ContributorsEntre Humo y Huesos Lyrics[Letra de ""Entre Humo y Huesos""]

[Verso 1]
Me gusta tu aroma que dejas en mi ropa
Ese amargo aliento me lleva al cielo
Te voy a quebrar, te voy a rolar, voy a demostrar
De como a mi me pone risueño y sin dolores
Papel especial pa’ que pegue mas
24K Shine
Mientras dejo que acaricie los problemas se olviden
Cuando a mi me tocas te pongo como loca
Esos labios lilas Purple Punch una delicia
No se si pensar o solo jalar
Ese humo y ya en las nubes tú me pones
Tus ojos encantadores

[Interludio]
Ahí quedó, compa Alex
Ja! ¿y qué?
Compa Alejandro Domínguez, viejo
Hasta Portland

[Verso 2]
Entre humo y besos enciendes mis pensamientos
Te voy a quebrar, te voy a rolar
Voy a demostrar
De como a mi me pones risueño y sin dolores
Te van a juzgar, te van envidiar
Pero no importa
Acércate y dame un beso
Mi María yo te quiero, oh-ohYou might also likeEmbed"
La Encontré,2021-03-19,,"2 ContributorsLa Encontré Lyrics[Letra de ""La Encontré""]

[Verso 1]
La primera vez que nos vimos
Te veías contenta junto a mi, creo que estaré yo
Traje de baño azul te movías lento
Me enamoró, fue puro amor
Con amigas ibas aquel día
Siempre la más bella y ese estilo más bonita todavía
Piernas largas tu cinturita domina
Y no olvido esos ojos
Doce de la noche smoking on these woods
Era sorprendente me quite las gafas para contemplarla
Como un ángel me cayó del cielo y al toparla
Se muy bien
Esa mujеr

[Coro]
Tomaremos unos brandys, tequilita, unas copas de vino y vеmos
Si en la cama ya hacemos lo que queremos
Conocernos
Y después luego
Unos besos
Pa' entrar en calor unas rolitas de Anuel ya ponemos
Me gusta cuando recorres to' mi cuerpo
Muy, muy lento y a su tiempo
You might also like[Interludio]
Ja! ¿y qué?
Puro Peso Pluma, viejón
Saquen el tequila

[Verso 2]
Después ya no se lo qué pasó
Me levanto angustiado ya no estas conmigo a donde voy
Te buscaba y no encontraba, terrible este juego
Y se escondió porque corrió
Mentí había dicho que lo supere
No contaba con que el destino te puso frente yo te volví a ver
Eres lo más bello lo que sé
Y la encontré
A esa mujer
Preguntas, respuestas, ella trató convencerme
Pero yo sabia era un juego y la neta fue diferente
Decidimos que íbamos a seguir solo al frente
Les contaré si le gusté

[Coro]
Tomaremos unos brandys, tequilita, unas copas de vino y vemos
Si en la cama ya hacemos lo que queremos
Conocernos
Y después luego
Unos besos
Pa' entrar en calor unas rolitas de Anuel ya ponemos
Me gusta cuando recorres to' mi cuerpo
Muy, muy lento y a su tiempoEmbed"
El Viejón de la Loma,2022-04-20,,"2 ContributorsEl Viejón de la Loma Lyrics[Letra de ""El Viejón de la Loma""]

[Verso]
Por Culiacán se jalaba
Un pasesón de lavada
Como todo un viejo lobo
Delante los cuernos, él le entraba el toro
Se le aventaron pelada
Le llegaron por la espalda
18 impactos de cuerno
Le dieron al viejo antes que se bajara

[Coro]
Una F-150
Sangrienta quedó la escena
Donde perdiera la vida el viejón de la loma
Que hoy descansa arriba
Pero no se fueron lisos
No sabían que tenía un hijo
Sе metieron con su sangre
Algo muy dеlicado y no iba a dejarse
Tres días pasaron y luego
Los encontró y abrió fuego
Y dijo: ""a ver si muchos huevos""
Y los lleno de agujeros
Les fue bien a los culeros
Quería arrancarles el cuello
You might also like[Interludio]
Así nomás
¿Así o más bélico, compa Lalo?
Pura Doble P

[Coro]
Una F-150
Sangrienta quedó la escena
Donde perdiera la vida el viejón de la loma
Que hoy descansa arriba
Pero no se fueron lisos
No sabían que tenía un hijo
Se metieron con su sangre
Algo muy delicado y no iba a dejarse
Tres días pasaron y luego
Los encontró y abrió fuego
Y dijo: ""a ver si muchos huevos""
Y los lleno de agujeros
Les fue bien a los culeros
Quería arrancarles el cuelloEmbed"
Con Dinero Baila el Perro,2021-03-19,,"2 ContributorsCon Dinero Baila el Perro Lyrics[Letra de ""Con Dinero Baila el Perro""]

[Verso 1]
A veces llego a pensar
Como envidian los corrientes
Cuando no traes nada ni se arriman y cuando si llegan en caliente
No estoy Pa' fanfarronear
Y si tiran me defiendo
No estoy Pa' darles razones a hocicones o a esos perritos hambrientos
Unos solitos se van
Pero esos no los ocupas
La lealtad vale más que el dinero que te gastaste en tu nueva blusa

[Coro]
Hambre pasé
Pero aquí sigo de frentе a los vergazos le atore
Yo sé, saldré
Adеlante y a mi gente nunca la defraudaré
Voy pa' arriba no me paran y un gallón me quita estrés

[Interludio]
Ja! ¿y qué?
Puro Peso Pluma, viejo

[Verso 2]
Si la lengua soltaras
Ten cuidado a lo que digas
Atente a las consecuencias tus palabras mide bien y no seas niña
A muchos les dolerá
Lo que digo pero es cierto
Individuos convenientes, lo que digo es con dinero baila el perro
Fumando pura white widow es como nos relajamos
Y playera 77 en las bocinas en mi carro van zumbando
You might also like[Coro]
Hambre pasé
Pero aquí sigo de frente a los vergazos le atore
Yo sé, saldré
Adelante y a mi gente nunca la defraudaré
Voy pa' arriba no me paran y un bongazo pa' el estrés

[Outro]
UjujuyEmbed"
No Está Fácil,2021-03-19,,"2 ContributorsNo Está Fácil Lyrics[Letra de ""No Está Fácil""]

[Verso 1]
Si les cuento ya sabrán que el anda ahí
Circulando por por los ranchos y en playas fifi
La cinco en culichi me recibe al mil
Pa' vueltas negocios pendientes y si
Las libritas, las onzitas
La hulk y la green las que nos acreditan
Y si indica, la ogisita
Para andar relax con todita la clika
Siempre fuertes y unidos pa' la jerarquía respaldar

[Interludio]
Ahí nomás, compa
Que hubo, su corrido, viejón
Ja! ¿y qué?

[Verso 2]
Las almohadas navegamos al surtir
Pa' la raza fuera estrés me la llevo tranqui
Me la llevo modo cholo porque no
Está fácil dar confianza pa' cualquier cabrón
Se las dejo de tarea
No está fácil dar con nombres pa' que sepan
Andárеmos bien contentos
Por las bendicionеs de mi ama en el cielo
En mi mente y en mi corazón sus consejos yo siempre llevo
You might also like[Outro]
Puro Peso PlumaEmbed"
El 08 (En Vivo),2020-07-04,,"3 ContributorsEl 08 (En Vivo) Lyrics[Letra de ""El 08 (En Vivo)""]

[Intro]
Fierro, pues
Esto es ""El 08"", de mi compa de Máximo Grado
Fierro, pues
Jalados

[Verso 1]
Soy michoacano, pero cuido aquí en Jalisco
Bien equipo con mi gente positivo ya está limpio
Una .38, lanza papas, los tostones
Las antenas en mochilas y los AMG están listos
Cuerno de disco, siempre ando arisco
""Javier Guerrero"" en el cerrojo trae escrito
Ya me ha tocado enfrentarme con mis largas
En la tinaja de Vargas viví cosas muy amargas
Con el equipo de panteras que comandan la bandera
Los guerrero y michoacanos hasta las trancas
Muy poco aprieta el que mucho abarca
Me la navego también con muy buena marca
Traigo mis botas impregnadas con arcilla
Pues andamos en el monte con el señor de aguililla
Me gusta mucho convivir con mi plebada
Con una carnita asada, vóleibol o una tardeada
Con los chalecos y las blindadas
Mi compa Chuyito sé muy bien que no se raja
You might also like[Interludio]
Y échele
¿Ah, y qué, compa Chino?

[Verso 2]
Penal de la palma o palomas que andan volando
O ese señor del cerrito, aquí esperamos a Javito
Yo soy tranquilito, también soy muy sencillito
No me gustan las mamadas, se los digo aquí en cortito
Allá en Tanhuato hubo un conflicto
Estoy a la orden en límites de Jalisco
También me paseo cuando ando por el potrero
Me recuerda mucho al viejo, a mi 'apá Javier Guerrero
Somos ingenieros, nuevo cartel del sexenio
Me gustan los arrancones también con mi hermano Leo
Del dicho al hecho hay mucho trecho
Con las pruebas hablo, pregúntenle al señor Mencho
Una buena vista me deleita cuando siempre me echo un taco
Y ya después me chingo otro buen tabaco
Recuerdo a mi gente, los cuarenta y los soldados que cayeron
Compa Jaime que siempre está aquí a mi lado
Aquí estoy Franco con el tío Flaco
Le mando un saludo, y hay 08 para rato

[Outro]
Jálese
Puro Peso pluma, a le verga, compaEmbed"
Jeraqui de Nivel (En Vivo),2020-01-14,,"1 ContributorJeraqui de Nivel (En Vivo) Lyrics[Letra de ""Jeraqui de Nivel (En Vivo)""]

[Verso 1]
Tres, tres es el sello lada nacional
Del que les platico por donde le gusta andar
En trocas bonitas suele ruletear
Fina es la playera y porta unos Air Force off white
Cuatro son las letras pa' no hablar de más
Nuevos los talentos son buenos pa' trabajar
Pa' aprender
Consejos del viejo aquel
Hasta ahorita lo ha hecho bien
Jerarquía de nivel

[Interludio]
Puro Peso Pluma, oiga
Habla, compa Kevin

[Verso 2]
Sargento anda en uno para la ocasión
Se escucha tranquilo, todo está bajo control
No andamos de ricos, pеro es moda de hoy
Las botellas sobran еn el six ahí tranquilón
Motos y los RZR para dar el rol
Si en cerros se mueven es que un cholo anda en acción
Así es él
Le gusta ser gente bien
Si quieren saber quién es
Jerarquía de nivel
You might also like[Outro Instrumental]Embed"
Producto de La,2020-04-20,,"4 ContributorsProducto de La Lyrics[Letra de “Producto de La”]

[Verso 1]
Hoy me encuentro aquí sentado
Reflexionando, pensando
La mente voy a elevar
Y con la tinta de esta pluma escribiré
Y en un Backwood, veneno yo forjaré
LA, kush, me va muy bien
Han pasado muchas cosas
Pero así es cuando te toca
Tierra nos tocó morder
Por mujeres y amigos fui despreciado
Pero pa' adelante le sigo pisando
La reversa ni pa' qué
Por LA voy trabajando
West Coast Pure 'toy exportando
Plug and Play pa' andar al cien
Con los plebes de la jungla hago billetе
Puro verde es dе lo que aquí se mueve
Puro producto de LA

[Coro]
Dom Pérignon para el estrés
Macallan, whiskyto escocés
Ron y terciada, y Glock en mano
Con medicina laboramos
You might also like[Interludio]
Puro Peso Pluma, oiga
Aquí estamos al millón
Ah, y qué?
Ay, ando bien horneado, a la verga

[Verso 2]
Nos gusta andar a la moda
Balenciaga es lo que portan
Elegancia al caminar
Una hermosa dama la que me acompaña
En el Hellcat rumbo pa' Guadalajara
Pa' hacer cueritos de rana
Tranquilito y relajado
Con rolitas escuchando
Grupo Sigma pa' entonar
Botecitos y corriditos tumbados
360 conseguimos laborando
Y un buen gallito quemando

[Coro]
Dom Pérignon para el estrés
Macallan, whiskyto escocés
Ron y terciada, y Glock en mano
Con medicina laboramos
[Outro]
Algo bien
Puro LAEmbed"
Playera 77 (En Vivo),2020-01-15,,"1 ContributorPlayera 77 (En Vivo) Lyrics[Letra de ""Playera 77 (En Vivo)""]

[Intro]
Fierro, compa
Vámonos

[Verso 1]
Creo que ya es buena hora pa' tomarme un trago
Pues un día en San Diego a mí me agarraron, con los gabachos topamos
Pero ahora en el calorcito andamos
Suela roja la que se pisa en los antros
O escuchando corridos allá en el rancho, puro San José del Llano
Y un cigarro de la verde voy forjando

[Coro]
Playera 77 cargo
La especia que utilizamos
Billete andamos cosechando
Pues nos gustó ganar los verdes
Y ahorita en Tijuana pa' los padres, cuadernitos tengo andando

[Interludio]
Ahí nomás, compa

[Verso 2]
Bien pendientes, Culiacán lo transitamos
En Mercedes de noche y un Silverado con los rifles por un lado
Al que se las quiera pegar de muy bravo
Blue Label es muy bueno pa' entonarnos
Con el ocho, también el suelo del llano, plebitas también quemando
Bien alertas por si pasan los del casco
You might also like[Coro]
Aquí nosotros no jugamos
Los plebes andan lampareados
Por hermanos nos preocupamos
Pues nos gustó ganar los verdes
Y ahorita en Tijuana pa' los padres, cuadernitos estoy mandando

[Outro]
Puro Peso Pluma, compadreEmbed"
La Melena (En Vivo),2020-07-04,,"3 ContributorsLa Melena (En Vivo) Lyrics[Intro]
Vamo' a presentarles un disquito en vivo
Esto se llama ""La Melena""
Puro Peso Pluma
Ah
¿Y qué?

[Verso 1]
Desde niño en la movida
Era desmadroso se metía en problemas, le encanta la adrenalina
Y es que ahorita ya no es la misma
Hay que hacer billetes, nunca soltaremos la mano por la rendija
Y a los primos extrañamos
Pronto saldrán del encierro, nos pegaron recio pero a Serafín soltaron
Pasos doy
Tranquilón yo voy
Y cuando voy para Las Vegas una feria
Se prendió un tabacón, fresco

[Interludio]
Y échelе
¡Fierro, compa Parka!

[Verso 2]
La melena la dеjamos por el león en cautiverio
Puesta la camiseta MZ, no rajamos
Y en Culichi quemo un gallo
Troqueando navego, no soy de Califas pero sí rolamos en San Diego
Y una gorra de los toros
De Chicago en la ciudad de los vientos a los clientes bien surtidos llegamos
Me gusta el reventón
Un blunt bien bañadito con aquella miel de abeja
You might also like[Outro]
Saludos, compa Edwin
Puro Peso Pluma
Puro Cártel de Los Ángeles, compaEmbed"
La Belikiada,2020-04-20,,"3 ContributorsLa Belikiada Lyrics[Letra de ""La Belikiada""]

[Verso 1]
Culiacán a Guadalajara
A veces solos o con plebada, así nos miran
De gorrita y zapato italiano
A veces tenis y bolsa en mano
Soy muy calmado
Se prende un gallo, otro un tabaco
Ya sea con botes o con whiskacho pa' ir empezando
Vayan localizando al moreno
Que le marqué a los guitarreros, que hoy hay relajo

[Coro]
Vamos saliéndonos el fin
Pa'l Tata nos vamos a ir
Allá, en las dunas, me relajo
El Rubicon y los blindados
Dos R's me cuidan a mí
El tiro arriba el Minimi
Una del Caballo Arrendado
Y cuarentón pa'l atentado

[Interludio Instrumental]

[Verso 2]
Plebitas bellas las que acompañan
A los muchachos y a la manada de un lobo alfa
No digo nombres pa' que le atinen
Se acabó el tiempo, no lе entendiste a la adivinanza
Cómo mе encanta mirar las olas
En la playita con la tambora y unas heladas
Bonito cantan aquellas aves
Lindas canciones pa' enamorarlas y disfrutarme
¿Ah, y qué?
You might also like[Coro]
Vamos saliéndonos el fin
Pa'l Tata nos vamos a ir
Allá, en las dunas, me relajo
El Rubicon y los blindados
Dos R's me cuidan a mí
El tiro arriba el Minimi
Una del Caballo Arrendado
Y cuarentón pa'l atentado

[Outro]
Puro Peso Pluma, compadre
Y rásquele, compa AntonioEmbed"
La Roca,2020-04-20,,"5 ContributorsLa Roca Lyrics[Letra de “La Roca”]

[Verso 1]
Arriba
Nogales, Tijuana y el Solecito, son ciudades que transita
Las botellas luminosas en Zapopan las brindaba con la clica
¿A poco
Ya se olvidaron de aquel joven que sí sabía usar el coco?
Ideas al accionar y con los jefes él nunca iba a quedar mal

[Coro]
Relajado, así vivió su vida
Hubo bajadas, también subidas
Destapaba las champañas, también destapó caguamas
Prendía uno y la ganaba la risa

[Interludio]
Y arriba
Hasta el cielo, compadre Roca
Un abrazo

[Verso 2]
La Roca
Así es como se escuchaba mentar por todita aquella tropa
Varios lugares transitaba, pues mi vida la pasaba loca
Y es cierto
Que la pasaba en ciudades y también navegué los desiertos
Armados y los jefes me decían: ""Pues ni modo, es que así es esto""
You might also like[Coro]
Relajado, así vivió su vida
Hubo bajadas, también subidas
Destapaba las champañas, también destapó caguamas
Prendía uno y la ganaba la risa

[Outro]
Ah, ¿y que?Embed"
El AK (En Vivo),2020-02-21,,"1 ContributorEl AK (En Vivo) Lyrics[Letra de ""El AK (En Vivo)""]

[Verso 1]
Ya son las 3:51 y el viejo
Ya se levantó, ya va a partir el queso
Se amanece con corridos si es quien quiere ser
Bolsa de coquito nomás para amanecer
Un cinto LV que luce su buen porte
Bien vestido y su manera es darle al tope
Se ocupan más de uno pa' llegarle a por doquier
No da mucha confianza pero a nadie teme
Se mira sereno pero si les cuento
Es muy reservado y elige con quién
Se mueve entre la gente que es gente bien con él
Elige sus amistades, le gusta ser fiel

[Coro]
Y un Hennessy frío
Prende un tabaquito
Pa' andar tranquilito
Y seguir serenito

[Interludio Instrumental]

[Verso 2]
De su madre siempre lleva los consejos
De su padre agarró la manera el viejo
Disfruta la vida porque dos ya no va a haber
Pero a mi manera, cuando toque ya toque
Para pasearse en un Maserati el viejo
Corridos sonando mientras corre el viento
En verguiza el tacómetro, la velocidad
150 y nos ven, me empiezan a multar
Una copa al cielo y tira el humo al viento
Agradecido con el de arriba, es cierto
Por los momentos que esta vida me regaló
Ya me despido, El AK, pa' servirles simón
You might also like[Coro]
Y un Hennessy frío
Prende un tabaquito
Pa' andar serenito
Y seguir tranquilito

[Outro Instrumental]Embed"
Lo Que Me Das (En Vivo),2020-07-04,,"3 ContributorsLo Que Me Das (En Vivo) Lyrics[Intro]
Ahí le va, pues
""Lo Que Me Das""
Y puro Peso Pluma
Márquele, compa Parka

[Verso 1]
Y aquí andamos, caminando
Juntos por el parque, agarrados de la mano
Hoy tus ojos me miraron
Pide el mundo entero, yo hasta la luna te traigo
Tu belleza me cautiva
Eres un hechizo, todo de ti me hipnotiza

[Coro]
Lo que me das, amor y lealtad
Soy triste cuando te vas
Seré tu galán y no nadie más
Ven conmigo y ya verás
Eres una reina, una linda princesa
Me gusta tu cabello, tu aroma y tus piernas

[Interludio]
¡Jalado'!
¡Ah!
¿Y qué?
Ufa, ufa
You might also like[Verso 2]
Bien tatuado, enamorado
Tú sabes perfеcto que en el pеcho yo te cargo
Mujer fina que ilumina
Me limpiaste mi camino y hoy no tengo prisa

[Coro]
Lo que me das, amor y lealtad
Soy triste cuando te vas
Seré tu galán y no nadie más
Ven conmigo y ya verás
Eres una reina, una linda princesa
Me gusta tu aroma, tu cabello y tus piernas

[Outro]
Puro Peso Pluma, compa Parka
Y al que no le guste, que le ajusteEmbed"
Fuentes de Ortiz (En Vivo),2020-02-21,,"1 ContributorFuentes de Ortiz (En Vivo) Lyrics[Letra de ""Fuentes de Ortiz (En Vivo)""]

[Verso 1]
Ya dime si quieres estar conmigo o si mejor me voy
Tus besos dicen que tú sí me quieres pero tus palabras no
Y al chile, yo hasta moriría por ti pero dices que no
No eres directa, neta ya me estás cansando, sé concreta por favor

[Coro]
Y en la noche en que las estrellas salen
Yo pienso en ti mi amor
¿Qué me hiciste? De mi cabeza no sales
Y no lo digo por mamón
Si me dices para ti quién soy
No dudaré en hacertе tan feliz
Eres espеcial para mí
¿Por qué me haces sufrir?
Yo te olvidaré desde las Fuentes de Ortiz

[Interludio]
Chiquitita

[Verso 2]
Soy inseguro cuando dices que me quieres porque creo que no
Como bebé caigo, pero sí redondito en tu trampa, amor
Y ya dime si tú me quieres, por favor
Ya he sufrido y me he empedado tanto por tu amor
You might also like[Coro]
Y en la noche en que las estrellas salen
Yo pienso en ti mi amor
¿Qué me hiciste? De mi cabeza no sales
Y no lo digo por mamón
Si me dices para ti quién soy
No dudaré en hacerte tan feliz
Eres especial para mí
¿Por qué me haces sufrir?
Yo te olvidaré desde las Fuentes de Ortiz

[Outro]
Ahí quedó ""Fuentes de Ortiz"", plebadaEmbed"
La Belikiada (En Vivo),2020-01-15,,"1 ContributorLa Belikiada (En Vivo) Lyrics[Letra de ""La Belikiada (En Vivo)""]

[Verso 1]
De Culiacán a Guadalajara
A veces solos o con plebada, así nos miran
De gorrita y zapato italiano
A veces tenis y bolsa en mano
Soy muy calmado
Se prende un gallo, otro un tabaco
Ya sea con botes o con whiskacho pa' ir empezando
Vayan localizando al moreno
Que le marqué a los guitarreros, que hoy hay relajo

[Coro]
Vamos saliéndonos el fin
Pa'l Tata nos vamos a ir
Allá, en las dunas, me relajo
El Rubicon y los blindados
Dos R's me cuidan a mí
El tiro arriba el Minimi
Una del Caballo Arrendado
Y Mini Glock pa'l atentado

[Interludio Instrumental]

[Verso 2]
Plebitas bellas las que acompañan
A los muchachos y a la manada de un lobo alfa
No digo nombres pa' que le atinen
Se acabó el tiempo, no le entendiste a la adivinanza
Cómo me encanta mirar las olas
En la playita con la tambora y unas heladas
Bonito cantan aquellas aves
Lindas canciones pa' enamorarlas y disfrutarme
You might also like[Coro]
Vamos saliéndonos el fin
Pa'l Tata nos vamos a ir
Allá, en las dunas, me relajo
El Rubicon y los blindados
Dos R's me cuidan a mí
El tiro arriba el Minimi
Una del Caballo Arrendado
Y Mini Glock pa'l atentado

[Outro]
Fierro
Puro Peso Pluma, compadre
Ahí le va un saludo, compa PedroEmbed"
Escuela de la Palma (En Vivo),2020-07-04,,"3 ContributorsEscuela de la Palma (En Vivo) Lyrics[Intro]
Fierro pues
Esto es ""Escuela de la Palma""
Pa' que disfruten el disquito, ¿no?
Nos costó trabajo
¡Fierro!

[Verso 1]
Traigo la escuela del rancho La Palma
Badiraguato me vio crecer
Conoce bien la sierra y sus montes
Y lo que falta por recorrer
Siempre con la línea Beltrán, aquí nadie la trata de brincar
Mi cuerno tiene la cura para todos los corrientes
Yo sé que en él puedo confiar, demostrado lo ha dejado, ni hablar
Mi cuerno tiene la cura, jala el gatillo en caliente
Soy El 40 para la empresa
Soy de respeto, sencillo al tratar
Llevo grabados en la cabeza
Esos consejos de mi tío Caimán
Por el Lichi no me importa pelear porque con ellos está mi lealtad
Y por el jefe Alfredito con gusto apuesto mi vida
La herradura suerte nos da
Lo mismo que en la sierra y la ciudad
Vamos abriendo caminos pa' El Mochomo controlar
You might also like[Interludio]
Pura clave siete
Y El Águila sigue volando, compa
Puro Peso Pluma

[Verso 2]
Me miran siempre con una sonrisa
Mi 38 me gusta portar
Dos cargadores en la cintura
Y una buena dama para bailar
No acostumbro presumir ni alardear
Porque en huaraches me ha tocado andar
Mi madrecita querida me enseñó de la humildad
Mi padre siempre lo he de recordar
Porque él fue el que me enseñó a caminar
Piso firme y con cautela, trato de no tropezar
No soy de pleitos ni soy dejado
Yo sé brindar una buena amistad
Soy mano firme para un amigo
Y sí soy el diablo si quieren pelear
Un buen corrido para la pasión
Se me antoja escuchar el acordeón
Ese del barba cerrada quiero escucharlo sonar
Mis respetos para aquel señorón
Mi admiración, para mí es un honor regresar a sus filas, señor Alfredo Beltrán
[Outro]
¿Y la barba?
Sigue puesta, compa
Pura letra BEmbed"
Yo Ando Agusto (En Vivo),2020-01-18,,"1 ContributorYo Ando Agusto (En Vivo) Lyrics[Letra de ""Yo Ando Agusto (En Vivo)""]

[Intro]
Un, dos, tres, un, dos, tres

[Verso 1]
Y cuando yo voy a prenderlo se me pasa lento el tiempo
Y cuando logro tenerlo siento que despego al cielo
Solo y también con la bola, loco ando a todas horas
Saben que a mí no me importa lo que digan las personas

[Coro]
Yo ando agusto
Con lo que fumo
Y cualquier punto
Brinco y saludo
Y si hay remedio para quitarme lo loco
Pues así yo estoy mejor

[Interludio]
Fierro
Ahí le va, compa Kevin

[Verso 2]
Cuando quiero destramparme pal' Humaya he de jalarme
Pasando humo en borreguito por si es que monchosos vеnimos
En la funda mi pistola, es la que arregla las broncas
No еs que la haga de manguera, mucha envidia nos rodea
You might also like[Coro]
Yo ando agusto
Con lo que fumo
Brinco y saludo
En cualquier punto
Y si hay remedio para quitarme lo loco
Pues así yo estoy mejor

[Outro]
Así nomásEmbed"
El Ejecutivo (En Vivo),2020-07-04,,"3 ContributorsEl Ejecutivo (En Vivo) Lyrics[Letra de ""El Ejecutivo (En Vivo)""]

[Intro]
Esto es ""El Ejecutivo""
Un saludo pa' mi compa Los Plebes de la Cuadra, aquí presentes
Fierro pues
'Ámonos

[Verso 1]
Doscientas gentes lo van escoltando
Abriéndole paso por donde camina
Un maestro pa' los estudiantes que apenas empiezan a andar por la vida
El ejecutivo, el empresario
Hombre sencillo con gran poder
El jefe, el cachas de diamantes
No es un teniente ni es comandante, еs un coronel
Y allá por Jalisco anda muy activo
Y es ejеcutivo en la organización
Se extiende en todo su dominio
Y hasta con los chinos también se entendió
Suma puntos, gana socios
Y en los negocios no hay competencia
Sigue siendo aquel ranchero
Que dejó el arado y formó una empresa

[Interludio]
Jálese
'Ámonos, Parkón
Fierro, compa Chino
You might also like[Verso 2]
A la sombra del árbol me cobijo
Allá en mi ranchito por sierras nevadas
Me gusta el zumbar de los pinos
Saludar amigos entre azules montañas
Por ahí tengo un buen compadre
Que aunque bajito, siempre está a la altura
Nos tomamos algunos tragos
Y el sol de mayo también nos alumbra
Es amo y señor de Canelas
Legado y herencia que le dio su padre
El águila vuela muy alto y empezó de abajo, por eso es un grande
Magdaleno, yo no te olvido
Y estoy convencido que encontraste paz
Sentimientos encontrados
No me quiebro, hermano, fuerte me verás
Un cuarto de siglo al mando que para contarlo hay que vivir su vida
Un imperio logró con los años
Sigue trabajando como el primer día
El Jimmy vigila el rancho y activa el candado de seguridad
Que suenen fuerte esas guitarras
Hoy a Peso Pluma yo quiero escuchar

[Outro Instrumental]Embed"
Entre Aguilas (En Vivo),2020-07-04,,"3 ContributorsEntre Aguilas (En Vivo) Lyrics[Intro]
Fuego
Saludos a mis compas de Ekipo Norteño
Aquí andamos a la orden
Vamos a echar esto que se llama ""Entre Águilas""
Fierro compa

[Verso 1]
Limpien bien el camino pa' el rancho
Ya miro polveando los carros
Compa Baldo que vengan viajeros
Profetas, jalen los aparatos
Las damitas, esas nunca faltan
Ya ven como soy de enamorado

[Verso 2]
Yo no soy de los que usan la fuerza
Tampoco me gusta la violencia
Pero sí cargo a mi compañera
Es mi escuadra y luce su silueta
Nueve damitas siempre con ellas
Que por ella quiera bailarlе a cualquiera

[Verso 3]
Un pichón entre águilas sе ha criado
Y esto que no se les haga raro
Yo soy hijo de aquel Sagitario
Sobrino de un músico mentado
Poseo los tres grandes eslabones
De don Arturo viene la escuela y de mi apá' los dos que cargo
You might also like[Interludio]
¡Ah!
¿Y qué?
Pura Zona R Music, viejo
Saludos, compa Edgar

[Verso 4]
Brindaremos por alguien que extraño
Donde quiera nos va cuidando
Carnal sabes que aquí estamos firmes
Cumpliendo todos tus encargos
A mi madre cuido como a nadie
Te juro que siempre estará ella a salvo

[Verso 5]
Reloj fino que marca las horas
Y un radio al tanto y sin demoras
En un RZR me paseo en las rutas
Que toque el norteño y la tambora
Los corridos de grandes amigos, que se fueron o aquí están ahora

[Verso 6]
Bonito lo verde de la sierra
Me gusta recorrer sus veredas
Y cuando el negocio nos da tiempo
Pa' gastarle pa' eso no la pienso
Consiento muy bien a mis damitas
Güeritas, también mis morenitas
Ya saben mis pasatiempos
[Outro]
¡Jálese!
Con el tololoche, compa Parkón, viejo
Pa' que sepan
Puro Cártel de Los Ángeles, viejilloEmbed"
Relajado Voy (En Vivo),2020-02-21,,"1 ContributorRelajado Voy (En Vivo) Lyrics[Letra de ""Relajado Voy (En Vivo)""]

[Verso 1]
Dos por tres, activos pues
¿Qué va a querer?
Hay de todo, carnal
Pues ya miré, hay pa' escoger
Wax pal' estrés y plantas pa' saborear
Y si es de sabor
Un cavi con eso es bueno el olor
Fresquito el sabor le da

[Coro]
King Tut, Moon Rock también quemó
Vamos rolando un buen leño
Peso Pluma ya se jaló
Relajado voy

[Interludio Instrumental]

[Verso 2]
En Culiacán pa' festejar
La [?] como el ratito pasar
Tan mal estás, ellos dirán
Pues no importa, tengo un blunt pa' comenzar
Compa Chino, hay que pistear
Pues la verdad traigo sed peligrosa
You might also like[Coro]
King Tut, Moon Rock también quemó
Vamos rolando un buen leño
Pеso Pluma ya se jaló
Relajado voy

[Outro]
Puro Peso Pluma, compadrе
Así nomás, compa PaleEmbed"
Producto de La (En Vivo),2020-02-21,,"1 ContributorProducto de La (En Vivo) Lyrics[Letra de ""Producto de La (En Vivo)""]

[Verso 1]
Hoy me encuentro aquí sentado
Reflexionando, pensando
La mente voy a elevar
Y con la tinta de esta pluma escribiré
Y en un Backwood, veneno yo forjaré
LA, kush, me va muy bien
Han pasado muchas cosas
Pero así es cuando te toca
Tierra nos tocó morder
Por mujeres y amigos fui despreciado
Pero pa' adelante le sigo pisando
La reversa ni pa' qué
Por LA voy trabajando
West Coast Pure 'toy exportando
Plug and Play pa' andar al cien
Y con los plebes de la jungla hago billete
Puro verde es de lo que aquí se mueve
Puro producto de LA

[Coro]
Dom Pérignon para el estrés
Macallan, whiskyto escocés
Ron y terciada, y Glock en mano
Con medicina laboramos
You might also like[Interludio]
Ahí le va, carnal

[Verso 2]
Nos gusta andar a la moda
Balenciaga es lo que portan
Elegancia al caminar
Una hermosa dama la que me acompaña
En el Hellcat rumbo pa' Guadalajara
Pa' hacer cueritos de rana
Tranquilito y relajado
Con rolitas escuchando
Grupo Sigma pa' entonar
Botecitos y corriditos tumbados
360 conseguimos laborando
Y un buen gallito quemando

[Coro]
Dom Pérignon para el estrés
Macallan, whiskyto escocés
Ron y terciada, y Glock en mano
Con medicina laboramos

[Outro]
Así es, compa Chino
Pura medicina
¿Ah, y qué?Embed"
Tus Lindos Versos (En Vivo),2020-02-21,,"1 ContributorTus Lindos Versos (En Vivo) Lyrics[Letra de ""Tus Lindos Versos (En Vivo)""]

[Intro]
Fierro, compa

[Verso 1]
Sé que no fui el mejor y eso lo acepto
Ay, cuanto me costó borrarlos de mi piel tus dulces besos
Aquí no hay rencor, por eso te entrego estos lindos versos

[Interludio]
Fierro, compa Osvaldo
Así nomás
Pa' los que andan dolidos
Salud

[Verso 2]
Hoy ya no hablamos más, no te intereso
Preferiste olvidar, con otro regresar, sabes que es cierto
Pero él no te dará aquella felicidad, ni lindos versos

[Outro]
Fierro
Así nomás
Pa' las batallosas
Así nomásYou might also likeEmbed"
Un Suspiro (En Vivo),2020-02-21,,"1 ContributorUn Suspiro (En Vivo) Lyrics[Letra de ""Un Suspiro (En Vivo)""]

[Intro]
Fierro, compa
Vamos a aventar un coversito, compa Chino, que nos gusta mucho
Se llama: ""Un Suspiro""
Un saludo a mi compa Junior Torres, aquí estamos al tirante, viejo
Márquele compa

[Verso 1]
De pronto llegan los soldados, cuatro rápidas me atoraron
Quise y no hubo tiempo de nada, aunque anduviera bien armado
Cuidaba al joven sinaloense, el jefe andaba enfiestado
Yo estaba afuera cuando me atoraron
Aquí andamos en la escuela, cumpliendo una corta condena
Y créanme que no estoy agüitado, pues esto no tienе reversa
Aparte, son muy pocos años
Con еl jefe estoy a la orden, en buenas y malas, sigue apoyando
Sigo siendo gente de aquel chavalón, para que estén enterados

[Interludio]
Fierro, compa Antonio

[Verso 2]
Recuerdo de algunas hazañas que agarré por la pantalla
Dieron de baja a un amigo
Catrín, sabes que no te olvido
Cuando yo tiro humo al viento se me vienen muchos recuerdos
Y sé que algún día yo volveré a verlo
De mi sangre estoy orgulloso
Mis padres, mis tíos, mafiosos
Sí, existían varios caminos, pero me apasionó el peligro
Joven pero muy aguerrido
El miedo no lo he conocido, y de mis errores yo he aprendido
Solamente de aquí ya me vo'a graduar
Solo me queda un suspiro
You might also like[Outro]
Puro Peso Pluma, compa
Ahí le va, compa Junior
Así nomásEmbed"
El Chango (En Vivo),2020-07-04,,"3 ContributorsEl Chango (En Vivo) Lyrics[Letra de ""El Chango (En Vivo)""]

[Intro]
Fierro
'Ámonos con esto que se llama ""El Chango"", compa Chino
Un saludo pa' mi compa Marca Registrada
Fierro

[Verso 1]
Siempre a la sorda me la he rolado
Desde morro he trabajado
Y aquí sigo en la misión
Muy bien le entendemos al mercado
Y de arriba para abajo
Pendiente a la situación
Siempre muy contento y agradable
Y de un modo muy tratable
De sangre ligera soy
Tengo bien puestas mis direcciones
No me gustan los errores
Sé muy bien pa' dónde voy
Prendas finas siempre le han gustado
De Gucci lo ven trameado, y es su marca preferida
Hugo Boss la porta en ocasiones, también ropa deportiva
Una RAM que está supercargada
El SRT está bien brava, y en un BM tira lija
La Silverado con turbocharger, recio brama si le pisa
You might also like[Interludio]
'Ámono'
Échele, compa Parka

[Verso 2]
Obvio, las mujeres le han gustado, salió muy enamorado
¿Y qué le podemos hacer?
Y si el ojo alguna le ha llenado
El hombre la ha conquistado a como debe de ser
Y está que por demás que decirles que conocidos un chingo
Y amigos casi no hay
Y por eso estoy agradecido
Pa' los pocos amigos que a mi lado siempre están
Colección de armas guardaditas
.45 preferida, aunque tenga dos 5.7
Rifles y también escopetonas que dejan grande el boquete
Y un saludo mando pa' mis primos
Luis y Marcos 'tán al tiro, también siempre han demostrado
También para Samuel, para Alexis
Mis dos queridos hermanos

[Outro]
Fierro
Ah ¿Y qué?Embed"
